Workbook

Sheet Resumen
A2: Indicadores | B2: Diesel | C2: Carga Nocturna | D2: Carga Flash | E2: Carga por oportunidad | F2: Hidrogeno | H2: Tipico | I2: =C3 -> 4781.7 | K2: =360-(K3+K4) -> 256 | L2: =K2*I2 -> 1224115.2
A3: Km recorridos | B3: =Diesel!B20 -> 4781.7 | C3: ='Carga Nocturna'!B20 -> 4781.7 | D3: ='Carga Flash'!B22 -> 5382 | E3: ='Carga por oportunidad'!B26 -> 5382 | F3: ='Hidrogeno en cochera'!B19 -> 4781.7 | H3: Sabado | I3: =I2*J3 -> 3825.36 | J3: 0.8 | K3: 52 | L3: =K3*I3 -> 198918.72
A4: Flota requerida | B4: =Diesel!B16 -> 8 | C4: ='Carga Nocturna'!B21 -> 21 | D4: ='Carga Flash'!B26 -> 13 | E4: ='Carga por oportunidad'!B25 -> 13 | F4: ='Hidrogeno en cochera'!B14 -> 13 | I4: =J4*I2 -> 2869.02 | J4: 0.6 | K4: 52 | L4: =K4*I4 -> 149189.04
A5: Litros | B5: =Diesel!H7 -> 455.4 | C5: - | D5: - | E5: - | F5: ='Hidrogeno en cochera'!H7 -> 455.4 | L5: =SUM(L2:L4) -> 1572223
B6: 360 | L6: =1-(L5/B7) -> 0.086666667
A7: Km recorridos al año | B7: =B3*B6 -> 1721412
A10: Potencia requerida en patio | B10: - | C10: ='Carga Nocturna'!H13 -> 6072 | D10: ='Carga Flash'!H13 -> 4044.4444 | E10: ='Carga por oportunidad'!H13 -> 4044.4444 | F10: -
A11: Numero de cargadores en el patio | B11: - | C11: ='Carga Nocturna'!H12 -> 8 | D11: ='Carga Flash'!H12 -> 5 | E11: ='Carga por oportunidad'!H12 -> 5 | F11: -
A12: Potencia requerida en cabecera | B12: - | C12: - | D12: ='Carga Flash'!H15 -> 37700 | E12: ='Carga por oportunidad'!H15 -> 2080 | F12: -

Sheet Diesel
A1: Flota | G1: Repostaje
A2: Trazado | B2: 23 | C2: km | D2: (comerciales) | G2: Ratio consumo Diesel | H2: =10/100 -> 0.1
A3: Km en vacio | B3: 0.05 | C3: % del comercial
A4: Velocidad | B4: 25 | C4: km/h | D4: =B4/60 -> 0.41666667 | E4: km/min | G4: Km a repostar | H4: =B17 -> 569.25
A5: Frecuencia | B5: 10 | C5: min | G5: Litros a repostar x bus | H5: =H4*H2 -> 56.925
A6: Tiempo de servicio | B6: 990 | C6: min | D6: =B6/B5 -> 99 | E6: # de salidas
A7: Tiempo entre servicio | B7: 5 | C7: min | G7: Litros a repostar flota | H7: =H5*B16 -> 455.4 | I7: l
A8: Autonomia Diesel | B8: 600 | C8: Km
A10: Tiempo ida | B10: =B2/D4 -> 55.2 | C10: min
A11: Tiempo ida + ES | B11: =B10+B7 -> 60.2 | C11: min
A12: Tiempo ida+vuelta | B12: =B11*2 -> 120.4 | C12: min
A15: Km al día | B15: =((B6/B5)*2)*B2 -> 4554 | C15: (comerciales)
A16: Flota requerida | B16: =ROUNDUP(B15/B8,0) -> 8
A17: Km al día x veh | B17: =B15/B16 -> 569.25 | C17: (comerciales)
A20: Km al día | B20: =(B15*B3)+B15 -> 4781.7 | C20: (totales)
A21: Km al día x veh | B21: =B20/B16 -> 597.7125 | C21: (comerciales)

Sheet Carga Nocturna
A1: Flota | G1: Repostaje
A2: Trazado | B2: 23 | C2: km | D2: (comerciales) | G2: Bateria bus | H2: 350 | I2: Kw
A3: Km en vacio | B3: 0.05 | C3: % del comercial | G3: Consumo | H3: 1.2 | I3: Kwh/km
A4: Velocidad | B4: 25 | C4: km/h | D4: =B4/60 -> 0.41666667 | E4: km/min
A5: Frecuencia | B5: 10 | C5: min | G5: Energia cargador | H5: 150 | I5: Kwh
A6: Tiempo de servicio | B6: 990 | C6: min | D6: =B6/B5 -> 99 | E6: # de salidas | G6: Franja de carga | H6: 6 | I6: h
A7: Tiempo entre servicio | B7: 5 | C7: min | G7: Potencia real | H7: 0.9 | I7: %
A8: Autonomia Eléctrico | B8: =D8*80% -> 233.33333 | C8: Km | D8: =H2/H3 -> 291.66667 | E8: Autonomia + SOC 20% | G8: Energia a cargar | H8: =(B8*H3)/H7 -> 311.11111
G9: Tiempo de carga nocturna | H9: =H8/H5 -> 2.0740741 | I9: h
A12: Tiempo ida | B12: =B2/D4 -> 55.2 | C12: min | G12: N de cargadores requeridos | H12: =ROUNDUP((B18*H9)/(H6*0.9),0) -> 8
A13: Tiempo ida + ES | B13: =B12+B7 -> 60.2 | C13: min | G13: Energia requerida en cochera | H13: =H8*B18 -> 6072 | I13: Kw
A14: Tiempo ida+vuelta | B14: =B13*2 -> 120.4 | C14: min
A17: Km al día | B17: =((B6/B5)*2)*B2 -> 4554 | C17: (comerciales)
A18: Flota requerida | B18: =B17/B8 -> 19.517143
A20: Km al día | B20: =(B17*B3)+B17 -> 4781.7 | C20: (totales)
A21: Flota reuqerida | B21: =ROUNDUP(B20/B8,0) -> 21

Sheet $_carga_noctura
A1: Tecnologia - Carga Nocturna | B1: Costo unitario | C1: Requerimiento | D1: Valor
A3: Capex
A4: # de vehiculos | B4: 550000 | C4: ='Carga Nocturna'!B21 -> 21 | D4: =B4*C4 -> 11550000
A5: # de cargadores | B5: 30000 | C5: ='Carga Nocturna'!H12 -> 8 | D5: =B5*C5 -> 240000
A6: Infraestrucutra requerida | B6: 105000 | C6: 1 | D6: =B6*C6 -> 105000
A8: OPEX
A9: Combustible | B9: 0.19 | C9: ='Carga Nocturna'!B17*360 -> 1639440
A10: Mantenimiento | B10: 0.39 | C10: ='Carga Nocturna'!B17*360 -> 1639440
A11: Batería | B11: 0.16 | C11: ='Carga Nocturna'!B17*360 -> 1639440

Sheet Carga Flash
G1: Repostaje
A2: Trazado | B2: 23 | C2: km | D2: (comerciales) | G2: Bateria | H2: 350 | I2: Kw
A3: Km en vacio | B3: 0.05 | C3: % del comercial | G3: Consumo | H3: 1.2 | I3: Kwh/km
A4: Velocidad | B4: 25 | C4: km/h | D4: =B4/60 -> 0.41666667 | E4: km/min
A5: Frecuencia | B5: 10 | C5: min | G5: Energia cargador | H5: 150 | I5: Kwh
A6: Tiempo de servicio | B6: 990 | C6: min | D6: =B6/B5 -> 99 | E6: # de salidas | G6: Franja de carga | H6: 6 | I6: h
A7: Tiempo entre servicio | B7: 4.5 | C7: min | G7: Potencia real | H7: 0.9 | I7: %
A8: Autonomia Eléctrico | B8: =D8*0.8 -> 233.33333 | C8: Km | D8: =H2/H3 -> 291.66667 | E8: Autonomia + SOC 20% | G8: Energia a cargar | H8: =(B8*H3)/H7 -> 311.11111
A9: Tiempo de carga | B9: 0.5 | C9: min | G9: Tiempo de carga nocturna | H9: =H8/H5 -> 2.0740741 | I9: h
A10: Consumo | B10: 1.2 | C10: kwh/km
A12: Energia Cargador | B12: 200 | C12: kw | G12: N de cargadores requeridos | H12: =ROUNDUP((B26*H9)/(H6*0.9),0) -> 5
A13: Energia recuperada | B13: =(B12*(B9/60))/1.2 -> 1.3888889 | C13: Km | G13: Energia requerida en cochera | H13: =H8*B26 -> 4044.4444 | I13: Kw
A14: Energia recuperada 90& | B14: =B13*90% -> 1.25 | C14: Km
G15: Energia requerida en el trazado | H15: =(B12*(1/10))*B25*B26 -> 37700 | I15: Kw
A16: Tiempo ida | B16: =B2/D4 -> 55.2 | C16: min
A17: Tiempo ida + ES | B17: =B16+B7+B9 -> 60.2 | C17: min
A18: Tiempo ida+vuelta | B18: =B17*2 -> 120.4 | C18: min
A20: Ciclos | B20: =ROUNDUP(B6/B18,0) -> 9
A21: Km requeridos x bus | B21: =B20*(B2*2) -> 414 | C21: Km
A22: Km totales | B22: =B21*B26 -> 5382
A23: Km faltantes | B23: =B21-B8 -> 180.66667 | C23: Km
A25: Mini cargas | B25: =ROUNDUP(B23/B14,0) -> 145
A26: Flota requerida | B26: =ROUNDUP(B18/B5,0) -> 13

Sheet Carga por oportunidad
G1: Repostaje
A2: Trazado | B2: 23 | C2: km | D2: (comerciales) | G2: Bateria | H2: 350 | I2: Kw
A3: Km en vacio | B3: 0.05 | C3: % del comercial | G3: Consumo | H3: 1.2 | I3: Kwh/km
A4: Velocidad | B4: 25 | C4: km/h | D4: =B4/60 -> 0.41666667 | E4: km/min
A5: Frecuencia | B5: 10 | C5: min | G5: Energia cargador | H5: 150 | I5: Kwh
A6: Tiempo de servicio | B6: 990 | C6: min | D6: =B6/B5 -> 99 | E6: # de salidas | G6: Franja de carga | H6: 6 | I6: h
A7: Tiempo entre servicio | B7: 0 | C7: min | G7: Potencia real | H7: 0.9 | I7: %
A8: Autonomia Eléctrico | B8: =D8*0.8 -> 233.33333 | C8: Km | D8: =H2/H3 -> 291.66667 | E8: Autonomia + SOC 20% | G8: Energia a cargar | H8: =(B8*H3)/H7 -> 311.11111
A9: Tiempo de carga | B9: 10 | C9: min | G9: Tiempo de carga nocturna | H9: =H8/H5 -> 2.0740741 | I9: h
A10: Consumo | B10: 1.2 | C10: kwh/km
A12: Energia Cargador | B12: 200 | C12: kw | G12: N de cargadores requeridos | H12: =ROUNDUP((B25*H9)/(H6*0.9),0) -> 5
A13: Energia recuperada | B13: =(B12*(1/6))/1.2 -> 27.777778 | C13: Km | G13: Energia requerida en cochera | H13: =H8*B25 -> 4044.4444 | I13: Kw
A14: Energia recuperada 90& | B14: =B13*90% -> 25 | C14: Km
G15: Energia requerida en el trazado | H15: =(B12*(1/10))*B24*B25 -> 2080 | I15: Kw
A16: Tiempo ida | B16: =B2/D4 -> 55.2 | C16: min
A17: Tiempo ida + ES | B17: =B16+B7 -> 55.2 | C17: min
A18: Tiempo ida+vuelta | B18: =(B17*2)+B9 -> 120.4 | C18: min
A20: Ciclos | B20: =ROUNDUP(B6/B18,0) -> 9
A21: Km requeridos x bus | B21: =B20*(B2*2) -> 414 | C21: Km
A22: Km faltantes | B22: =B21-B8 -> 180.66667 | C22: Km
A24: Mini cargas | B24: =ROUNDUP(B22/B14,0) -> 8 | C24: este valor no puede ser mayor al numero de ciclos
A25: Flota requerida | B25: =ROUNDUP(B18/B5,0) -> 13
B26: =B25*B21 -> 5382

Sheet Hidrogeno en cochera
G1: Repostaje
A2: Trazado | B2: 23 | C2: km | D2: (comerciales) | G2: Eficiencia Hidrogeno | H2: =10/100 -> 0.1
A3: Km en vacio | B3: 0.05 | C3: % del comercial
A4: Velocidad | B4: 25 | C4: km/h | D4: =B4/60 -> 0.41666667 | E4: km/min | G4: Km a repostar | H4: =B16 -> 350.30769
A5: Frecuencia | B5: 10 | C5: min | G5: Litros a repostar x bus | H5: =H4*H2 -> 35.030769
A6: Tiempo de servicio | B6: 990 | C6: min | D6: =B6/B5 -> 99 | E6: # de salidas
A7: Tiempo entre servicio | B7: 5 | C7: min | G7: Litros a repostar flota | H7: =H5*B14 -> 455.4
A8: Autonomia Hidrogeno | B8: 500 | C8: Km
A10: Tiempo ida | B10: =B2/D4 -> 55.2 | C10: min
A11: Tiempo ida + ES | B11: =B10+B7 -> 60.2 | C11: min
A12: Tiempo ida+vuelta | B12: =B11*2 -> 120.4 | C12: min
A14: Flota requerida | B14: =ROUNDUP(B12/B5,0) -> 13
A15: Km al día | B15: =((B6/B5)*2)*B2 -> 4554 | C15: (comerciales)
A16: Km al día x veh | B16: =B15/B14 -> 350.30769 | C16: (comerciales)
A19: Km al día | B19: =(B15*B3)+B15 -> 4781.7 | C19: (totales)
A20: Km al día x veh | B20: =B19/B14 -> 367.82308 | C20: (comerciales)
